{
  "mean_consistency": 0.4446359780428114,
  "std_consistency": 0.3320736775088111,
  "hard_accuracy": 0.9810606060606061,
  "n_weeks_analyzed": 264
}