{
  "mean_consistency": 0.4392700006642834,
  "std_consistency": 0.32950148301465854,
  "hard_accuracy": 0.9696969696969697,
  "n_weeks_analyzed": 264
}